,SNP name,Shannon Diversity for Selected Populations
0,rs554186605,0.0
1,rs572340137,0.0
2,rs539781271,0.0
3,rs77937657,0.025844566384058815
4,rs139492080,0.0
5,rs199731490,0.028574500358799233
6,rs181634571,0.028574500358799233
7,rs573725336,0.0
8,rs540758055,0.0
9,rs559357324,0.0
10,rs12158228,0.8834727711448592
11,rs544958856,0.0
12,rs563593603,0.0
13,rs530812944,0.02991089505416742
14,rs12166786,0.09289296036233441
15,rs147601303,0.0
16,rs529430305,0.0
17,rs185681421,0.0
18,rs58758171,0.21799175015464534
19,rs188779438,0.0
20,rs368867416,0.0
21,rs75683900,0.35021876384759104
22,rs61020391,0.19547480272870282
23,rs555580171,0.025844566384058815
24,rs574159085,0.0
25,rs541564131,0.030200847280381016
26,rs552812934,0.0
27,rs577635454,0.02991089505416742
28,rs545060070,0.0
29,rs563254594,0.025844566384058815
30,rs180821218,0.0
31,rs112531745,0.12309380764271542
32,rs561197157,0.0
33,rs185805966,0.0
34,rs546746399,0.0
35,rs59792876,0.21799175015464534
36,rs35330287,0.0
37,rs181773236,0.0
38,rs999980,0.0
39,rs191113639,0.05575546143822624
40,rs66737473,0.8618038756009234
41,rs200632314,0.025844566384058815
42,rs534918919,0.0
43,rs577326555,0.11705175779635457
44,rs113000246,0.0
45,rs538736014,0.05180196584381169
46,rs542599995,0.0
47,rs143738392,0.0
48,rs573058890,0.0
49,rs2179291,0.21799175015464534
50,rs13340068,0.8834727711448592
51,rs554045243,0.026706253530259086
52,rs73178653,0.7500541352215782
53,rs565575045,0.02991089505416742
54,rs530833012,0.0
55,rs548928144,0.0
56,rs567901358,0.0
57,rs183645346,0.025844566384058815
58,rs151095733,0.0
59,rs571805264,0.0
60,rs56259566,0.8203993130083235
61,rs557097687,0.0
62,rs186290819,0.026706253530259086
63,rs536270261,0.0
64,rs554527798,0.0
65,rs190465790,0.26461363654342496
66,rs73887743,0.20901045127160564
67,rs118044086,0.058485395412966656
68,rs576628716,0.0
69,rs543074903,0.0
70,rs80139859,0.0
71,rs73887744,0.19078545752687445
72,rs549140741,0.0
73,rs561334998,0.0
74,rs528825342,0.0
75,rs141078320,0.025844566384058815
76,rs6002410,0.33112625727645767
77,rs368156612,0.0
78,rs551162261,0.025844566384058815
79,rs73178654,0.7992261098961461
80,rs4822042,0.7931909605090023
81,rs554308404,0.0
82,rs183058199,0.06347478441745541
83,rs150279410,0.0
84,rs558834094,0.0
85,rs369397186,0.0
86,rs552703044,0.0
87,rs555915845,0.0
88,rs78447414,0.7500541352215782
89,rs138800101,0.21078949538170616
90,rs561187642,0.052250283717377076
91,rs528490867,0.06347478441745541
92,rs186926823,0.09289296036233441
93,rs565593642,0.02991089505416742
94,rs532839598,0.0
95,rs192774746,0.02991089505416742
96,rs141992150,0.1483566982230893
97,rs4822043,1.4842614574795843
98,rs138279005,0.13452170962274368
99,rs566415186,0.0
100,rs370342224,0.07061436572714273
101,rs183342420,0.0
102,rs570439363,0.02991089505416742
103,rs537747471,0.05575546143822624
104,rs112442147,0.23156903682881685
105,rs574303606,0.026706253530259086
106,rs541615899,0.06347478441745541
107,rs113582809,0.21799175015464534
108,rs144011868,0.12015923612601023
109,rs540658337,0.0
110,rs565258465,0.0
111,rs192721665,0.04641172053686272
112,rs6002411,0.8929011313268409
113,rs563128227,0.0
114,rs530338203,0.0
115,rs548456402,0.026706253530259086
116,rs566592736,0.0
117,rs373598148,0.0
118,rs551800658,0.0
119,rs58495840,0.21078949538170616
120,rs537411831,0.02991089505416742
121,rs549669604,0.030200847280381016
122,rs148668617,0.04500195625775215
123,rs535654349,0.0
124,rs553671121,0.0
125,rs573316015,0.0
126,rs372254033,0.0
127,rs559051840,0.0
128,rs577312659,0.0
129,rs544589318,0.030200847280381016
130,rs563189186,0.0
131,rs575014268,0.0
132,rs542435304,0.0
133,rs184762710,0.0
134,rs527424887,0.0
135,rs5758395,0.0
136,rs189630085,0.0
137,rs531231227,0.0
138,rs549332570,0.0
139,rs147438823,0.0
140,rs535365600,0.0
141,rs547617713,0.0
142,rs58675543,0.026706253530259086
143,rs539593886,0.02991089505416742
144,rs558218051,0.0
145,rs374997245,0.0
146,rs538274918,0.0
147,rs556260020,0.0
148,rs67295636,0.7440424961051296
149,rs192061210,0.0
150,rs560799463,0.0
151,rs572557177,0.0
152,rs147562975,0.028574500358799233
153,rs563854398,0.0
154,rs531290392,0.0
155,rs139500552,0.0
156,rs149696809,0.0
157,rs528838682,0.0
158,rs145329269,0.10645388932319758
159,rs565936856,0.0
160,rs533177245,0.052250283717377076
161,rs551583231,0.0
162,rs570983508,0.030200847280381016
163,rs149198436,0.04500195625775215
164,rs556558385,0.0
165,rs542939941,0.026706253530259086
166,rs535795851,0.028574500358799233
167,rs67828516,0.7963905874107525
168,rs76010556,0.1404924247324006
169,rs546022852,0.0
170,rs77957126,0.4319634791361117
171,rs111937875,0.06347478441745541
172,rs4822044,1.160321987056259
173,rs561775424,0.0
174,rs564582952,0.0
175,rs17002504,0.1508018449357849
176,rs559421446,0.025844566384058815
177,rs533240976,0.030200847280381016
178,rs551646748,0.0
179,rs199895663,0.0
180,rs150112953,0.02991089505416742
181,rs190292776,0.0
182,rs568515150,0.0
183,rs369822669,0.0
184,rs554121219,0.0
185,rs566059868,0.0
186,rs371975173,0.0
187,rs77158456,0.22491333578338135
188,rs201868670,0.0
189,rs200990063,0.0
190,rs555186428,0.0
191,rs374165330,0.028574500358799233
192,rs540695717,0.0
193,rs146168181,0.0
194,rs533303728,0.0
195,rs146889744,0.0
196,rs563530208,0.0
197,rs530749217,0.0
198,rs4481089,1.4385003125217626
199,rs562077560,0.0
200,rs529366522,0.0
201,rs547521640,0.0
202,rs565727747,0.0
203,rs539409344,0.0
204,rs560566977,0.0
205,rs569978809,0.0
206,rs537279874,0.0
207,rs555906992,0.0
208,rs573697782,0.0
209,rs534704184,0.0
210,rs145615116,0.0
211,rs186568091,0.0
212,rs544994655,0.0
213,rs563593376,0.0
214,rs59372591,0.2843555635663699
215,rs527937259,0.02991089505416742
216,rs553141032,0.08391133881354643
217,rs181051982,0.026706253530259086
218,rs547496996,0.025844566384058815
219,rs535790140,0.08037646620261092
220,rs533169783,0.0
221,rs551346318,0.030200847280381016
222,rs186248948,0.0
223,rs537743602,0.0
224,rs6002412,0.8685214565967603
225,rs567855048,0.0
226,rs5996039,1.4385003125217626
227,rs553128196,0.0
228,rs150228286,0.0
229,rs538675046,0.0
230,rs202206339,0.0
231,rs575496010,0.0
232,rs542899408,0.0
233,rs560984671,0.0
234,rs79865826,0.04641172053686272
235,rs540002879,0.0
236,rs559453601,0.0
237,rs533230771,0.0
238,rs545046863,0.0
239,rs563687753,0.02991089505416742
240,rs552601145,0.0
241,rs9611618,1.3455882595508324
242,rs567832981,0.4359373148146741
243,rs528701592,0.0
244,rs562352314,0.0
245,rs571396641,0.02991089505416742
246,rs191005684,0.0
247,rs182834821,0.025844566384058815
248,rs568844760,0.028574500358799233
249,rs185732509,0.0
250,rs149310293,0.1508018449357849
251,rs573037074,0.0
252,rs540065571,0.030200847280381016
253,rs571185688,0.05180196584381169
254,rs112790478,0.4578080455201705
255,rs545105616,0.02991089505416742
256,rs191978679,0.0
257,rs530955804,0.07225628692092154
258,rs111607053,0.18732268860970896
259,rs561661729,0.0
260,rs188307361,0.0
261,rs547265041,0.0
262,rs113583931,0.21799175015464534
263,rs532712881,0.0
264,rs550654256,0.04641172053686272
265,rs568832956,0.026706253530259086
266,rs536277704,0.0
267,rs374149218,0.0
268,rs566804334,0.05180196584381169
269,rs112501354,0.8685214565967603
270,rs558387839,0.0
271,rs147131070,0.10594720926394445
272,rs112892013,0.8685214565967603
273,rs78602228,0.07882186802641455
274,rs575635452,0.0
275,rs543038632,0.0
276,rs561124700,0.07125339409738997
277,rs375408430,0.02991089505416742
278,rs540937118,0.0
279,rs190753867,0.0
280,rs150757059,0.10645388932319758
281,rs182387703,0.0
282,rs531961354,0.02991089505416742
283,rs529749004,0.04641172053686272
284,rs139870102,0.0
285,rs73887745,0.07882186802641455
286,rs77624887,0.17040613466008536
287,rs17002505,0.7963905874107525
288,rs570377607,0.030200847280381016
289,rs537685114,0.0
290,rs9607821,1.555127240753395
291,rs143760191,0.025844566384058815
292,rs7293185,0.8685214565967603
293,rs187826010,0.0
294,rs573279722,0.0
295,rs540606628,0.0
296,rs146849252,0.026706253530259086
297,rs140703858,0.028574500358799233
298,rs8135475,0.8195152550698738
299,rs562929568,0.025844566384058815
300,rs550198653,0.02991089505416742
301,rs369575678,0.05575546143822624
302,rs559786910,0.0
303,rs12159399,0.0
304,rs551739243,0.0
305,rs570443354,0.0
306,rs537746950,0.0
307,rs12159436,0.0
308,rs568170811,0.052250283717377076
309,rs192395727,0.0
310,rs367983192,0.0
311,rs143288596,0.0
312,rs114827707,0.0
313,rs148335894,0.0
314,rs577650168,0.0
315,rs12160342,0.0
316,rs556768900,0.0
317,rs574955568,0.0
318,rs542373893,0.0
319,rs184989276,0.028574500358799233
320,rs374736761,0.0
321,rs545440442,0.0
322,rs563730116,0.0
323,rs188185663,0.026706253530259086
324,rs73420894,0.2334908921719003
325,rs568319365,0.02991089505416742
326,rs75713954,0.02991089505416742
327,rs547600694,0.0
328,rs573922717,0.0
329,rs534275670,0.02991089505416742
330,rs138129486,0.0
331,rs570758210,0.0
332,rs538210665,0.0
333,rs556594316,0.05604541366443983
334,rs575060099,0.0
335,rs542045199,0.026706253530259086
336,rs553943471,0.0
337,rs143715682,0.098745331595695
338,rs151061108,0.026706253530259086
339,rs370371674,0.0
340,rs193163969,0.026706253530259086
